﻿<?xml version="1.0" encoding="utf-8"?>
<doc>
  <assembly>
    <name>Microsoft.SharePoint.Client.Runtime</name>
  </assembly>
  <members>
    <member name="T:Microsoft.SharePoint.Client.ClientAction"></member>
    <member name="M:Microsoft.SharePoint.Client.ClientAction.#ctor(Microsoft.SharePoint.Client.ObjectPath,System.String)"></member>
    <member name="P:Microsoft.SharePoint.Client.ClientAction.Id"></member>
    <member name="P:Microsoft.SharePoint.Client.ClientAction.Name"></member>
    <member name="P:Microsoft.SharePoint.Client.ClientAction.Path"></member>
    <member name="T:Microsoft.SharePoint.Client.ClientActionInvokeMethod"></member>
    <member name="M:Microsoft.SharePoint.Client.ClientActionInvokeMethod.#ctor(Microsoft.SharePoint.Client.ClientObject,System.String,System.Object[])"></member>
    <member name="T:Microsoft.SharePoint.Client.ClientActionInvokeStaticMethod"></member>
    <member name="M:Microsoft.SharePoint.Client.ClientActionInvokeStaticMethod.#ctor(System.String,System.String,System.Object[])"></member>
    <member name="T:Microsoft.SharePoint.Client.ClientActionSetProperty"></member>
    <member name="M:Microsoft.SharePoint.Client.ClientActionSetProperty.#ctor(Microsoft.SharePoint.Client.ClientObject,System.String,System.Object)"></member>
    <member name="T:Microsoft.SharePoint.Client.ClientActionSetStaticProperty"></member>
    <member name="M:Microsoft.SharePoint.Client.ClientActionSetStaticProperty.#ctor(System.String,System.String,System.Object)"></member>
    <member name="T:Microsoft.SharePoint.Client.ClientArrayResult`1">
      <typeparam name="T"></typeparam>
    </member>
    <member name="M:Microsoft.SharePoint.Client.ClientArrayResult`1.#ctor"></member>
    <member name="M:Microsoft.SharePoint.Client.ClientArrayResult`1.Microsoft#SharePoint#Client#IFromJson#CustomFromJson(Microsoft.SharePoint.Client.JsonReader)"></member>
    <member name="M:Microsoft.SharePoint.Client.ClientArrayResult`1.Microsoft#SharePoint#Client#IFromJson#FromJson(Microsoft.SharePoint.Client.JsonReader)"></member>
    <member name="P:Microsoft.SharePoint.Client.ClientArrayResult`1.Value"></member>
    <member name="T:Microsoft.SharePoint.Client.ClientAuthenticationMode"></member>
    <member name="F:Microsoft.SharePoint.Client.ClientAuthenticationMode.Default"></member>
    <member name="F:Microsoft.SharePoint.Client.ClientAuthenticationMode.FormsAuthentication"></member>
    <member name="F:Microsoft.SharePoint.Client.ClientAuthenticationMode.Anonymous"></member>
    <member name="T:Microsoft.SharePoint.Client.ClientConstants"></member>
    <member name="F:Microsoft.SharePoint.Client.ClientConstants.Actions"></member>
    <member name="F:Microsoft.SharePoint.Client.ClientConstants.AddExpandoFieldTypeSuffix"></member>
    <member name="F:Microsoft.SharePoint.Client.ClientConstants.AndAlso"></member>
    <member name="F:Microsoft.SharePoint.Client.ClientConstants.ApplicationName"></member>
    <member name="F:Microsoft.SharePoint.Client.ClientConstants.Body"></member>
    <member name="F:Microsoft.SharePoint.Client.ClientConstants.CatchScope"></member>
    <member name="F:Microsoft.SharePoint.Client.ClientConstants.ChildItemQuery"></member>
    <member name="F:Microsoft.SharePoint.Client.ClientConstants.ChildItems"></member>
    <member name="F:Microsoft.SharePoint.Client.ClientConstants.ConditionalScope"></member>
    <member name="F:Microsoft.SharePoint.Client.ClientConstants.Constructor"></member>
    <member name="F:Microsoft.SharePoint.Client.ClientConstants.Context"></member>
    <member name="F:Microsoft.SharePoint.Client.ClientConstants.Equal"></member>
    <member name="F:Microsoft.SharePoint.Client.ClientConstants.ErrorCode"></member>
    <member name="F:Microsoft.SharePoint.Client.ClientConstants.ErrorMessage"></member>
    <member name="F:Microsoft.SharePoint.Client.ClientConstants.ErrorStackTrace"></member>
    <member name="F:Microsoft.SharePoint.Client.ClientConstants.ErrorTypeName"></member>
    <member name="F:Microsoft.SharePoint.Client.ClientConstants.ErrorValue"></member>
    <member name="F:Microsoft.SharePoint.Client.ClientConstants.ExceptionHandlingScope"></member>
    <member name="F:Microsoft.SharePoint.Client.ClientConstants.ExceptionHandlingScopeSimple"></member>
    <member name="F:Microsoft.SharePoint.Client.ClientConstants.ExpressionConstant"></member>
    <member name="F:Microsoft.SharePoint.Client.ClientConstants.ExpressionConvert"></member>
    <member name="F:Microsoft.SharePoint.Client.ClientConstants.ExpressionMethod"></member>
    <member name="F:Microsoft.SharePoint.Client.ClientConstants.ExpressionParameter"></member>
    <member name="F:Microsoft.SharePoint.Client.ClientConstants.ExpressionProperty"></member>
    <member name="F:Microsoft.SharePoint.Client.ClientConstants.FieldValuesMethodName"></member>
    <member name="F:Microsoft.SharePoint.Client.ClientConstants.FinallyScope"></member>
    <member name="F:Microsoft.SharePoint.Client.ClientConstants.FormDigestHeader"></member>
    <member name="F:Microsoft.SharePoint.Client.ClientConstants.GreaterThan"></member>
    <member name="F:Microsoft.SharePoint.Client.ClientConstants.GreaterThanOrEqual"></member>
    <member name="F:Microsoft.SharePoint.Client.ClientConstants.HasException"></member>
    <member name="F:Microsoft.SharePoint.Client.ClientConstants.Id"></member>
    <member name="F:Microsoft.SharePoint.Client.ClientConstants.Identity"></member>
    <member name="F:Microsoft.SharePoint.Client.ClientConstants.IfFalseScope"></member>
    <member name="F:Microsoft.SharePoint.Client.ClientConstants.IfTrueScope"></member>
    <member name="F:Microsoft.SharePoint.Client.ClientConstants.IsNull"></member>
    <member name="F:Microsoft.SharePoint.Client.ClientConstants.LessThan"></member>
    <member name="F:Microsoft.SharePoint.Client.ClientConstants.LessThanOrEqual"></member>
    <member name="F:Microsoft.SharePoint.Client.ClientConstants.LibraryVersion"></member>
    <member name="F:Microsoft.SharePoint.Client.ClientConstants.MaxCount"></member>
    <member name="F:Microsoft.SharePoint.Client.ClientConstants.Method"></member>
    <member name="F:Microsoft.SharePoint.Client.ClientConstants.Methods"></member>
    <member name="F:Microsoft.SharePoint.Client.ClientConstants.Name"></member>
    <member name="F:Microsoft.SharePoint.Client.ClientConstants.Not"></member>
    <member name="F:Microsoft.SharePoint.Client.ClientConstants.NotEqual"></member>
    <member name="F:Microsoft.SharePoint.Client.ClientConstants.Object"></member>
    <member name="F:Microsoft.SharePoint.Client.ClientConstants.ObjectIdentity"></member>
    <member name="F:Microsoft.SharePoint.Client.ClientConstants.ObjectIdentityQuery"></member>
    <member name="F:Microsoft.SharePoint.Client.ClientConstants.ObjectPath"></member>
    <member name="F:Microsoft.SharePoint.Client.ClientConstants.ObjectPathId"></member>
    <member name="F:Microsoft.SharePoint.Client.ClientConstants.ObjectPaths"></member>
    <member name="F:Microsoft.SharePoint.Client.ClientConstants.ObjectType"></member>
    <member name="F:Microsoft.SharePoint.Client.ClientConstants.ObjectVersion"></member>
    <member name="F:Microsoft.SharePoint.Client.ClientConstants.OrElse"></member>
    <member name="F:Microsoft.SharePoint.Client.ClientConstants.Parameter"></member>
    <member name="F:Microsoft.SharePoint.Client.ClientConstants.Parameters"></member>
    <member name="F:Microsoft.SharePoint.Client.ClientConstants.ParentId"></member>
    <member name="F:Microsoft.SharePoint.Client.ClientConstants.Processed"></member>
    <member name="F:Microsoft.SharePoint.Client.ClientConstants.Properties"></member>
    <member name="F:Microsoft.SharePoint.Client.ClientConstants.Property"></member>
    <member name="F:Microsoft.SharePoint.Client.ClientConstants.Query"></member>
    <member name="F:Microsoft.SharePoint.Client.ClientConstants.QueryResult"></member>
    <member name="F:Microsoft.SharePoint.Client.ClientConstants.Request"></member>
    <member name="F:Microsoft.SharePoint.Client.ClientConstants.RequestTokenHeader"></member>
    <member name="F:Microsoft.SharePoint.Client.ClientConstants.Results"></member>
    <member name="F:Microsoft.SharePoint.Client.ClientConstants.ScalarProperty"></member>
    <member name="F:Microsoft.SharePoint.Client.ClientConstants.SchemaVersion"></member>
    <member name="F:Microsoft.SharePoint.Client.ClientConstants.ScopeId"></member>
    <member name="F:Microsoft.SharePoint.Client.ClientConstants.SelectAllProperties"></member>
    <member name="F:Microsoft.SharePoint.Client.ClientConstants.ServiceFileName"></member>
    <member name="F:Microsoft.SharePoint.Client.ClientConstants.ServiceMethodName"></member>
    <member name="F:Microsoft.SharePoint.Client.ClientConstants.SetProperty"></member>
    <member name="F:Microsoft.SharePoint.Client.ClientConstants.SetStaticProperty"></member>
    <member name="F:Microsoft.SharePoint.Client.ClientConstants.SilverlightInitParamFormDigest"></member>
    <member name="F:Microsoft.SharePoint.Client.ClientConstants.SilverlightInitParamFormDigestTimeoutSeconds"></member>
    <member name="F:Microsoft.SharePoint.Client.ClientConstants.SilverlightInitParamRequestToken"></member>
    <member name="F:Microsoft.SharePoint.Client.ClientConstants.SilverlightInitParamUrl"></member>
    <member name="F:Microsoft.SharePoint.Client.ClientConstants.SilverlightInitParamViaUrl"></member>
    <member name="F:Microsoft.SharePoint.Client.ClientConstants.StaticMethod"></member>
    <member name="F:Microsoft.SharePoint.Client.ClientConstants.StaticProperty"></member>
    <member name="F:Microsoft.SharePoint.Client.ClientConstants.SuffixByte"></member>
    <member name="F:Microsoft.SharePoint.Client.ClientConstants.SuffixChar"></member>
    <member name="F:Microsoft.SharePoint.Client.ClientConstants.SuffixDouble"></member>
    <member name="F:Microsoft.SharePoint.Client.ClientConstants.SuffixInt16"></member>
    <member name="F:Microsoft.SharePoint.Client.ClientConstants.SuffixInt32"></member>
    <member name="F:Microsoft.SharePoint.Client.ClientConstants.SuffixInt64"></member>
    <member name="F:Microsoft.SharePoint.Client.ClientConstants.SuffixSingle"></member>
    <member name="F:Microsoft.SharePoint.Client.ClientConstants.SuffixUInt16"></member>
    <member name="F:Microsoft.SharePoint.Client.ClientConstants.SuffixUInt32"></member>
    <member name="F:Microsoft.SharePoint.Client.ClientConstants.SuffixUInt64"></member>
    <member name="F:Microsoft.SharePoint.Client.ClientConstants.Test"></member>
    <member name="F:Microsoft.SharePoint.Client.ClientConstants.TryScope"></member>
    <member name="F:Microsoft.SharePoint.Client.ClientConstants.Type"></member>
    <member name="F:Microsoft.SharePoint.Client.ClientConstants.TypeId"></member>
    <member name="F:Microsoft.SharePoint.Client.ClientConstants.Update"></member>
    <member name="F:Microsoft.SharePoint.Client.ClientConstants.Version"></member>
    <member name="F:Microsoft.SharePoint.Client.ClientConstants.XmlNamespace"></member>
    <member name="T:Microsoft.SharePoint.Client.ClientDictionaryResultHandler`1">
      <typeparam name="T"></typeparam>
    </member>
    <member name="M:Microsoft.SharePoint.Client.ClientDictionaryResultHandler`1.#ctor(System.Collections.Generic.IDictionary{System.String,`0})"></member>
    <member name="M:Microsoft.SharePoint.Client.ClientDictionaryResultHandler`1.Microsoft#SharePoint#Client#IFromJson#CustomFromJson(Microsoft.SharePoint.Client.JsonReader)"></member>
    <member name="M:Microsoft.SharePoint.Client.ClientDictionaryResultHandler`1.Microsoft#SharePoint#Client#IFromJson#FromJson(Microsoft.SharePoint.Client.JsonReader)"></member>
    <member name="T:Microsoft.SharePoint.Client.ClientListResultHandler`1">
      <typeparam name="T"></typeparam>
    </member>
    <member name="M:Microsoft.SharePoint.Client.ClientListResultHandler`1.#ctor(System.Collections.Generic.IList{`0})"></member>
    <member name="M:Microsoft.SharePoint.Client.ClientListResultHandler`1.Microsoft#SharePoint#Client#IFromJson#CustomFromJson(Microsoft.SharePoint.Client.JsonReader)"></member>
    <member name="M:Microsoft.SharePoint.Client.ClientListResultHandler`1.Microsoft#SharePoint#Client#IFromJson#FromJson(Microsoft.SharePoint.Client.JsonReader)"></member>
    <member name="T:Microsoft.SharePoint.Client.ClientObject"></member>
    <member name="M:Microsoft.SharePoint.Client.ClientObject.#ctor(Microsoft.SharePoint.Client.ClientRuntimeContext,Microsoft.SharePoint.Client.ObjectPath)"></member>
    <member name="M:Microsoft.SharePoint.Client.ClientObject.CheckUninitializedProperty(System.String)"></member>
    <member name="P:Microsoft.SharePoint.Client.ClientObject.Context"></member>
    <member name="M:Microsoft.SharePoint.Client.ClientObject.CustomFromJson(Microsoft.SharePoint.Client.JsonReader)"></member>
    <member name="M:Microsoft.SharePoint.Client.ClientObject.FromJson(Microsoft.SharePoint.Client.JsonReader)"></member>
    <member name="M:Microsoft.SharePoint.Client.ClientObject.InitNonPropertyFieldFromJson(System.String,Microsoft.SharePoint.Client.JsonReader)"></member>
    <member name="M:Microsoft.SharePoint.Client.ClientObject.InitOnePropertyFromJson(System.String,Microsoft.SharePoint.Client.JsonReader)"></member>
    <member name="M:Microsoft.SharePoint.Client.ClientObject.IsPropertyAvailable(System.String)"></member>
    <member name="P:Microsoft.SharePoint.Client.ClientObject.ObjectData"></member>
    <member name="P:Microsoft.SharePoint.Client.ClientObject.ObjectVersion"></member>
    <member name="P:Microsoft.SharePoint.Client.ClientObject.Path"></member>
    <member name="M:Microsoft.SharePoint.Client.ClientObject.RefreshRetrieve"></member>
    <member name="M:Microsoft.SharePoint.Client.ClientObject.RemoveFromParentCollection"></member>
    <member name="M:Microsoft.SharePoint.Client.ClientObject.Retrieve"></member>
    <member name="M:Microsoft.SharePoint.Client.ClientObject.Retrieve(System.String[])"></member>
    <member name="M:Microsoft.SharePoint.Client.ClientObject.RetrieveFields"></member>
    <member name="P:Microsoft.SharePoint.Client.ClientObject.ServerObjectIsNull"></member>
    <member name="T:Microsoft.SharePoint.Client.ClientObjectCollection"></member>
    <member name="M:Microsoft.SharePoint.Client.ClientObjectCollection.#ctor(Microsoft.SharePoint.Client.ClientRuntimeContext,Microsoft.SharePoint.Client.ObjectPath)"></member>
    <member name="M:Microsoft.SharePoint.Client.ClientObjectCollection.AddChild(Microsoft.SharePoint.Client.ClientObject)"></member>
    <member name="P:Microsoft.SharePoint.Client.ClientObjectCollection.Count"></member>
    <member name="P:Microsoft.SharePoint.Client.ClientObjectCollection.Data"></member>
    <member name="M:Microsoft.SharePoint.Client.ClientObjectCollection.GetItemAtIndex(System.Int32)"></member>
    <member name="M:Microsoft.SharePoint.Client.ClientObjectCollection.InitOnePropertyFromJson(System.String,Microsoft.SharePoint.Client.JsonReader)"></member>
    <member name="M:Microsoft.SharePoint.Client.ClientObjectCollection.RemoveChild(Microsoft.SharePoint.Client.ClientObject)"></member>
    <member name="M:Microsoft.SharePoint.Client.ClientObjectCollection.System#Collections#IEnumerable#GetEnumerator"></member>
    <member name="T:Microsoft.SharePoint.Client.ClientObjectCollection`1">
      <typeparam name="T"></typeparam>
    </member>
    <member name="M:Microsoft.SharePoint.Client.ClientObjectCollection`1.#ctor(Microsoft.SharePoint.Client.ClientRuntimeContext,Microsoft.SharePoint.Client.ObjectPath)"></member>
    <member name="P:Microsoft.SharePoint.Client.ClientObjectCollection`1.Item(System.Int32)"></member>
    <member name="M:Microsoft.SharePoint.Client.ClientObjectCollection`1.RetrieveItems"></member>
    <member name="M:Microsoft.SharePoint.Client.ClientObjectCollection`1.RetrieveItems(Microsoft.SharePoint.Client.CollectionQuery{`0})"></member>
    <member name="M:Microsoft.SharePoint.Client.ClientObjectCollection`1.System#Collections#Generic#IEnumerable{T}#GetEnumerator"></member>
    <member name="T:Microsoft.SharePoint.Client.ClientObjectCollectionPrototype`1">
      <typeparam name="ItemType"></typeparam>
    </member>
    <member name="M:Microsoft.SharePoint.Client.ClientObjectCollectionPrototype`1.RetrieveItems"></member>
    <member name="M:Microsoft.SharePoint.Client.ClientObjectCollectionPrototype`1.RetrieveItems(Microsoft.SharePoint.Client.CollectionQuery{`0})"></member>
    <member name="T:Microsoft.SharePoint.Client.ClientObjectData"></member>
    <member name="M:Microsoft.SharePoint.Client.ClientObjectData.#ctor"></member>
    <member name="P:Microsoft.SharePoint.Client.ClientObjectData.ClientObjectProperties"></member>
    <member name="P:Microsoft.SharePoint.Client.ClientObjectData.MethodReturnObjects"></member>
    <member name="P:Microsoft.SharePoint.Client.ClientObjectData.Properties"></member>
    <member name="T:Microsoft.SharePoint.Client.ClientObjectPrototype"></member>
    <member name="M:Microsoft.SharePoint.Client.ClientObjectPrototype.Retrieve"></member>
    <member name="M:Microsoft.SharePoint.Client.ClientObjectPrototype.Retrieve(System.String[])"></member>
    <member name="M:Microsoft.SharePoint.Client.ClientObjectPrototype.RetrieveCollectionObject``1(System.String)">
      <typeparam name="ItemType"></typeparam>
    </member>
    <member name="M:Microsoft.SharePoint.Client.ClientObjectPrototype.RetrieveObject``1(System.String)">
      <typeparam name="PropertyType"></typeparam>
    </member>
    <member name="T:Microsoft.SharePoint.Client.ClientObjectPrototype`1">
      <typeparam name="T"></typeparam>
    </member>
    <member name="T:Microsoft.SharePoint.Client.ClientRequest"></member>
    <member name="P:Microsoft.SharePoint.Client.ClientRequest.NextSequenceId"></member>
    <member name="P:Microsoft.SharePoint.Client.ClientRequest.RequestExecutor"></member>
    <member name="T:Microsoft.SharePoint.Client.ClientRequestException"></member>
    <member name="M:Microsoft.SharePoint.Client.ClientRequestException.#ctor(System.String)"></member>
    <member name="T:Microsoft.SharePoint.Client.ClientRequestStatus"></member>
    <member name="F:Microsoft.SharePoint.Client.ClientRequestStatus.Active"></member>
    <member name="F:Microsoft.SharePoint.Client.ClientRequestStatus.InProgress"></member>
    <member name="F:Microsoft.SharePoint.Client.ClientRequestStatus.CompletedSuccess"></member>
    <member name="F:Microsoft.SharePoint.Client.ClientRequestStatus.CompletedException"></member>
    <member name="T:Microsoft.SharePoint.Client.ClientResult`1">
      <typeparam name="T"></typeparam>
    </member>
    <member name="M:Microsoft.SharePoint.Client.ClientResult`1.#ctor"></member>
    <member name="M:Microsoft.SharePoint.Client.ClientResult`1.Microsoft#SharePoint#Client#IFromJson#CustomFromJson(Microsoft.SharePoint.Client.JsonReader)"></member>
    <member name="M:Microsoft.SharePoint.Client.ClientResult`1.Microsoft#SharePoint#Client#IFromJson#FromJson(Microsoft.SharePoint.Client.JsonReader)"></member>
    <member name="P:Microsoft.SharePoint.Client.ClientResult`1.Value"></member>
    <member name="T:Microsoft.SharePoint.Client.ClientRuntimeContext"></member>
    <member name="M:Microsoft.SharePoint.Client.ClientRuntimeContext.#ctor(System.String)"></member>
    <member name="M:Microsoft.SharePoint.Client.ClientRuntimeContext.AddClientTypeAssembly(System.Reflection.Assembly)"></member>
    <member name="M:Microsoft.SharePoint.Client.ClientRuntimeContext.AddQuery(Microsoft.SharePoint.Client.ClientAction)"></member>
    <member name="M:Microsoft.SharePoint.Client.ClientRuntimeContext.AddQueryIdAndResultObject(System.Int64,System.Object)"></member>
    <member name="P:Microsoft.SharePoint.Client.ClientRuntimeContext.ApplicationName"></member>
    <member name="P:Microsoft.SharePoint.Client.ClientRuntimeContext.AuthenticationMode"></member>
    <member name="M:Microsoft.SharePoint.Client.ClientRuntimeContext.CastTo(Microsoft.SharePoint.Client.ClientObject,System.Type)"></member>
    <member name="P:Microsoft.SharePoint.Client.ClientRuntimeContext.Credentials"></member>
    <member name="M:Microsoft.SharePoint.Client.ClientRuntimeContext.Dispose"></member>
    <member name="M:Microsoft.SharePoint.Client.ClientRuntimeContext.Dispose(System.Boolean)"></member>
    <member name="M:Microsoft.SharePoint.Client.ClientRuntimeContext.ExecuteQuery"></member>
    <member name="P:Microsoft.SharePoint.Client.ClientRuntimeContext.FormsAuthenticationLoginInfo"></member>
    <member name="P:Microsoft.SharePoint.Client.ClientRuntimeContext.HasPendingRequest"></member>
    <member name="M:Microsoft.SharePoint.Client.ClientRuntimeContext.ParseObjectFromJsonString(System.String)"></member>
    <member name="P:Microsoft.SharePoint.Client.ClientRuntimeContext.PendingRequest"></member>
    <member name="P:Microsoft.SharePoint.Client.ClientRuntimeContext.ServerLibraryVersion"></member>
    <member name="P:Microsoft.SharePoint.Client.ClientRuntimeContext.ServerSchemaVersion"></member>
    <member name="M:Microsoft.SharePoint.Client.ClientRuntimeContext.SetupRequestCredential(Microsoft.SharePoint.Client.ClientRuntimeContext,System.Net.HttpWebRequest)"></member>
    <member name="P:Microsoft.SharePoint.Client.ClientRuntimeContext.StaticObjects"></member>
    <member name="P:Microsoft.SharePoint.Client.ClientRuntimeContext.Url"></member>
    <member name="P:Microsoft.SharePoint.Client.ClientRuntimeContext.WebRequestExecutorFactory"></member>
    <member name="T:Microsoft.SharePoint.Client.ClientTypeAssemblyAttribute"></member>
    <member name="M:Microsoft.SharePoint.Client.ClientTypeAssemblyAttribute.#ctor"></member>
    <member name="T:Microsoft.SharePoint.Client.ClientValueObject"></member>
    <member name="M:Microsoft.SharePoint.Client.ClientValueObject.#ctor"></member>
    <member name="M:Microsoft.SharePoint.Client.ClientValueObject.CustomFromJson(Microsoft.SharePoint.Client.JsonReader)"></member>
    <member name="M:Microsoft.SharePoint.Client.ClientValueObject.CustomWriteToXml(System.Xml.XmlWriter,Microsoft.SharePoint.Client.SerializationContext)"></member>
    <member name="M:Microsoft.SharePoint.Client.ClientValueObject.FromJson(Microsoft.SharePoint.Client.JsonReader)"></member>
    <member name="M:Microsoft.SharePoint.Client.ClientValueObject.InitOnePropertyFromJson(System.String,Microsoft.SharePoint.Client.JsonReader)"></member>
    <member name="P:Microsoft.SharePoint.Client.ClientValueObject.TypeId"></member>
    <member name="M:Microsoft.SharePoint.Client.ClientValueObject.WriteToXml(System.Xml.XmlWriter,Microsoft.SharePoint.Client.SerializationContext)"></member>
    <member name="T:Microsoft.SharePoint.Client.CollectionQuery`1">
      <typeparam name="T"></typeparam>
    </member>
    <member name="M:Microsoft.SharePoint.Client.CollectionQuery`1.#ctor(System.Int32)"></member>
    <member name="M:Microsoft.SharePoint.Client.CollectionQuery`1.#ctor(System.Linq.Expressions.Expression{System.Func{`0,System.Boolean}})"></member>
    <member name="M:Microsoft.SharePoint.Client.CollectionQuery`1.#ctor(System.Linq.Expressions.Expression{System.Func{`0,System.Boolean}},System.Int32)"></member>
    <member name="P:Microsoft.SharePoint.Client.CollectionQuery`1.ItemFilter"></member>
    <member name="P:Microsoft.SharePoint.Client.CollectionQuery`1.MaxCount"></member>
    <member name="T:Microsoft.SharePoint.Client.ConditionalScope"></member>
    <member name="M:Microsoft.SharePoint.Client.ConditionalScope.#ctor(Microsoft.SharePoint.Client.ClientRuntimeContext,System.Linq.Expressions.Expression{System.Func{System.Boolean}})"></member>
    <member name="M:Microsoft.SharePoint.Client.ConditionalScope.Microsoft#SharePoint#Client#IFromJson#CustomFromJson(Microsoft.SharePoint.Client.JsonReader)"></member>
    <member name="M:Microsoft.SharePoint.Client.ConditionalScope.Microsoft#SharePoint#Client#IFromJson#FromJson(Microsoft.SharePoint.Client.JsonReader)"></member>
    <member name="M:Microsoft.SharePoint.Client.ConditionalScope.StartIfFalse"></member>
    <member name="M:Microsoft.SharePoint.Client.ConditionalScope.StartIfTrue"></member>
    <member name="M:Microsoft.SharePoint.Client.ConditionalScope.StartScope"></member>
    <member name="P:Microsoft.SharePoint.Client.ConditionalScope.TestResult"></member>
    <member name="T:Microsoft.SharePoint.Client.DataConvert"></member>
    <member name="M:Microsoft.SharePoint.Client.DataConvert.WriteDictionaryToXml(System.Xml.XmlWriter,System.Collections.Generic.Dictionary{System.String,System.Object},System.String,System.String[],Microsoft.SharePoint.Client.SerializationContext)"></member>
    <member name="M:Microsoft.SharePoint.Client.DataConvert.WriteValueToXmlElement(System.Xml.XmlWriter,System.Object,Microsoft.SharePoint.Client.SerializationContext)"></member>
    <member name="T:Microsoft.SharePoint.Client.ErrorCodes"></member>
    <member name="F:Microsoft.SharePoint.Client.ErrorCodes.AccessDenied"></member>
    <member name="F:Microsoft.SharePoint.Client.ErrorCodes.ListItemDeleted"></member>
    <member name="F:Microsoft.SharePoint.Client.ErrorCodes.NotSupported"></member>
    <member name="F:Microsoft.SharePoint.Client.ErrorCodes.NotSupportedRequestVersion"></member>
    <member name="F:Microsoft.SharePoint.Client.ErrorCodes.Redirect"></member>
    <member name="F:Microsoft.SharePoint.Client.ErrorCodes.VersionConflict"></member>
    <member name="T:Microsoft.SharePoint.Client.ExceptionHandlingScope"></member>
    <member name="M:Microsoft.SharePoint.Client.ExceptionHandlingScope.#ctor(Microsoft.SharePoint.Client.ClientRuntimeContext)"></member>
    <member name="P:Microsoft.SharePoint.Client.ExceptionHandlingScope.ErrorMessage"></member>
    <member name="P:Microsoft.SharePoint.Client.ExceptionHandlingScope.HasException"></member>
    <member name="M:Microsoft.SharePoint.Client.ExceptionHandlingScope.Microsoft#SharePoint#Client#IFromJson#CustomFromJson(Microsoft.SharePoint.Client.JsonReader)"></member>
    <member name="M:Microsoft.SharePoint.Client.ExceptionHandlingScope.Microsoft#SharePoint#Client#IFromJson#FromJson(Microsoft.SharePoint.Client.JsonReader)"></member>
    <member name="P:Microsoft.SharePoint.Client.ExceptionHandlingScope.Processed"></member>
    <member name="P:Microsoft.SharePoint.Client.ExceptionHandlingScope.ServerErrorCode"></member>
    <member name="P:Microsoft.SharePoint.Client.ExceptionHandlingScope.ServerErrorValue"></member>
    <member name="P:Microsoft.SharePoint.Client.ExceptionHandlingScope.ServerStackTrace"></member>
    <member name="M:Microsoft.SharePoint.Client.ExceptionHandlingScope.StartCatch"></member>
    <member name="M:Microsoft.SharePoint.Client.ExceptionHandlingScope.StartFinally"></member>
    <member name="M:Microsoft.SharePoint.Client.ExceptionHandlingScope.StartScope"></member>
    <member name="M:Microsoft.SharePoint.Client.ExceptionHandlingScope.StartTry"></member>
    <member name="T:Microsoft.SharePoint.Client.FormsAuthenticationLoginInfo"></member>
    <member name="M:Microsoft.SharePoint.Client.FormsAuthenticationLoginInfo.#ctor"></member>
    <member name="M:Microsoft.SharePoint.Client.FormsAuthenticationLoginInfo.#ctor(System.String,System.String)"></member>
    <member name="P:Microsoft.SharePoint.Client.FormsAuthenticationLoginInfo.AuthenticationServiceUrl"></member>
    <member name="P:Microsoft.SharePoint.Client.FormsAuthenticationLoginInfo.LoginName"></member>
    <member name="P:Microsoft.SharePoint.Client.FormsAuthenticationLoginInfo.Password"></member>
    <member name="T:Microsoft.SharePoint.Client.IFromJson"></member>
    <member name="M:Microsoft.SharePoint.Client.IFromJson.CustomFromJson(Microsoft.SharePoint.Client.JsonReader)">
      <returns>Returns <see cref="T:System.Boolean" />.</returns>
      <param name="reader"></param>
    </member>
    <member name="M:Microsoft.SharePoint.Client.IFromJson.FromJson(Microsoft.SharePoint.Client.JsonReader)">
      <param name="reader"></param>
    </member>
    <member name="T:Microsoft.SharePoint.Client.JsonReader"></member>
    <member name="M:Microsoft.SharePoint.Client.JsonReader.#ctor(System.IO.TextReader,Microsoft.SharePoint.Client.ClientRuntimeContext)">
      <param name="reader"></param>
      <param name="runtimeContext"></param>
    </member>
    <member name="P:Microsoft.SharePoint.Client.JsonReader.Context">
      <returns>Returns <see cref="T:Microsoft.SharePoint.Client.ClientRuntimeContext" />.</returns>
    </member>
    <member name="M:Microsoft.SharePoint.Client.JsonReader.Dispose"></member>
    <member name="M:Microsoft.SharePoint.Client.JsonReader.PeekName">
      <returns>Returns <see cref="T:System.String" />.</returns>
    </member>
    <member name="M:Microsoft.SharePoint.Client.JsonReader.PeekTokenType">
      <returns>Returns <see cref="T:Microsoft.SharePoint.Client.JsonTokenType" />.</returns>
    </member>
    <member name="M:Microsoft.SharePoint.Client.JsonReader.Read``1">
      <returns>Returns <see cref="T:Microsoft.SharePoint.Client.JsonTokenType" />.</returns>
      <typeparam name="T"></typeparam>
    </member>
    <member name="M:Microsoft.SharePoint.Client.JsonReader.ReadArray``1">
      <returns>Returns <see cref="T:Microsoft.SharePoint.Client.JsonTokenType" />.</returns>
      <typeparam name="T"></typeparam>
    </member>
    <member name="M:Microsoft.SharePoint.Client.JsonReader.ReadArrayEnd"></member>
    <member name="M:Microsoft.SharePoint.Client.JsonReader.ReadArrayStart"></member>
    <member name="M:Microsoft.SharePoint.Client.JsonReader.ReadBoolean">
      <returns>Returns <see cref="T:System.Boolean" />.</returns>
    </member>
    <member name="M:Microsoft.SharePoint.Client.JsonReader.ReadBooleanArray">
      <returns>Returns <see cref="T:System.Boolean" />.</returns>
    </member>
    <member name="M:Microsoft.SharePoint.Client.JsonReader.ReadByte">
      <returns>Returns <see cref="T:System.Byte" />.</returns>
    </member>
    <member name="M:Microsoft.SharePoint.Client.JsonReader.ReadByteArray">
      <returns>Returns <see cref="T:System.Byte" />.</returns>
    </member>
    <member name="M:Microsoft.SharePoint.Client.JsonReader.ReadChar">
      <returns>Returns <see cref="T:System.Char" />.</returns>
    </member>
    <member name="M:Microsoft.SharePoint.Client.JsonReader.ReadDateTime">
      <returns>Returns <see cref="T:System.DateTime" />.</returns>
    </member>
    <member name="M:Microsoft.SharePoint.Client.JsonReader.ReadDateTimeArray">
      <returns>Returns <see cref="T:System.DateTime" />.</returns>
    </member>
    <member name="M:Microsoft.SharePoint.Client.JsonReader.ReadDictionary">
      <returns>Returns <see cref="T:System.Collections.Generic.Dictionary`2" />.</returns>
    </member>
    <member name="M:Microsoft.SharePoint.Client.JsonReader.ReadDictionary``1">
      <returns>Returns <see cref="T:System.Collections.Generic.Dictionary`2" />.</returns>
      <typeparam name="T"></typeparam>
    </member>
    <member name="M:Microsoft.SharePoint.Client.JsonReader.ReadDouble">
      <returns>Returns <see cref="T:System.Double" />.</returns>
    </member>
    <member name="M:Microsoft.SharePoint.Client.JsonReader.ReadDoubleArray">
      <returns>Returns <see cref="T:System.Double" />.</returns>
    </member>
    <member name="M:Microsoft.SharePoint.Client.JsonReader.ReadEnum``1">
      <returns>Returns <see cref="T:System.Double" />.</returns>
      <typeparam name="T"></typeparam>
    </member>
    <member name="M:Microsoft.SharePoint.Client.JsonReader.ReadEnumArray``1">
      <returns>Returns <see cref="T:System.Double" />.</returns>
      <typeparam name="T"></typeparam>
    </member>
    <member name="M:Microsoft.SharePoint.Client.JsonReader.ReadGuid">
      <returns>Returns <see cref="T:System.Guid" />.</returns>
    </member>
    <member name="M:Microsoft.SharePoint.Client.JsonReader.ReadGuidArray">
      <returns>Returns <see cref="T:System.Guid" />.</returns>
    </member>
    <member name="M:Microsoft.SharePoint.Client.JsonReader.ReadInt16">
      <returns>Returns <see cref="T:System.Int16" />.</returns>
    </member>
    <member name="M:Microsoft.SharePoint.Client.JsonReader.ReadInt16Array">
      <returns>Returns <see cref="T:System.Int16" />.</returns>
    </member>
    <member name="M:Microsoft.SharePoint.Client.JsonReader.ReadInt32">
      <returns>Returns <see cref="T:System.Int32" />.</returns>
    </member>
    <member name="M:Microsoft.SharePoint.Client.JsonReader.ReadInt32Array">
      <returns>Returns <see cref="T:System.Int32" />.</returns>
    </member>
    <member name="M:Microsoft.SharePoint.Client.JsonReader.ReadInt64">
      <returns>Returns <see cref="T:System.Int64" />.</returns>
    </member>
    <member name="M:Microsoft.SharePoint.Client.JsonReader.ReadInt64Array">
      <returns>Returns <see cref="T:System.Int64" />.</returns>
    </member>
    <member name="M:Microsoft.SharePoint.Client.JsonReader.ReadKeyValue">
      <returns>Returns <see cref="T:System.Collections.Generic.KeyValuePair`2" />.</returns>
    </member>
    <member name="M:Microsoft.SharePoint.Client.JsonReader.ReadList``1">
      <returns>Returns <see cref="T:System.Collections.Generic.List`1" />.</returns>
      <typeparam name="T"></typeparam>
    </member>
    <member name="M:Microsoft.SharePoint.Client.JsonReader.ReadName">
      <returns>Returns <see cref="T:System.String" />.</returns>
    </member>
    <member name="M:Microsoft.SharePoint.Client.JsonReader.ReadObject">
      <returns>Returns <see cref="T:System.Object" />.</returns>
    </member>
    <member name="M:Microsoft.SharePoint.Client.JsonReader.ReadObjectArray">
      <returns>Returns <see cref="T:System.Object" />.</returns>
    </member>
    <member name="M:Microsoft.SharePoint.Client.JsonReader.ReadObjectEnd"></member>
    <member name="M:Microsoft.SharePoint.Client.JsonReader.ReadObjectStart"></member>
    <member name="M:Microsoft.SharePoint.Client.JsonReader.ReadSingle">
      <returns>Returns <see cref="T:System.Single" />.</returns>
    </member>
    <member name="M:Microsoft.SharePoint.Client.JsonReader.ReadSingleArray">
      <returns>Returns <see cref="T:System.Single" />.</returns>
    </member>
    <member name="M:Microsoft.SharePoint.Client.JsonReader.ReadString">
      <returns>Returns <see cref="T:System.String" />.</returns>
    </member>
    <member name="M:Microsoft.SharePoint.Client.JsonReader.ReadStringArray">
      <returns>Returns <see cref="T:System.String" />.</returns>
    </member>
    <member name="M:Microsoft.SharePoint.Client.JsonReader.ReadStringCollection">
      <returns>Returns <see cref="T:System.Collections.Specialized.StringCollection" />.</returns>
    </member>
    <member name="M:Microsoft.SharePoint.Client.JsonReader.ReadUInt16">
      <returns>Returns <see cref="T:System.UInt16" />.</returns>
    </member>
    <member name="M:Microsoft.SharePoint.Client.JsonReader.ReadUInt16Array">
      <returns>Returns <see cref="T:System.UInt16" />.</returns>
    </member>
    <member name="M:Microsoft.SharePoint.Client.JsonReader.ReadUInt32">
      <returns>Returns <see cref="T:System.UInt32" />.</returns>
    </member>
    <member name="M:Microsoft.SharePoint.Client.JsonReader.ReadUInt32Array">
      <returns>Returns <see cref="T:System.UInt32" />.</returns>
    </member>
    <member name="M:Microsoft.SharePoint.Client.JsonReader.ReadUInt64">
      <returns>Returns <see cref="T:System.UInt64" />.</returns>
    </member>
    <member name="M:Microsoft.SharePoint.Client.JsonReader.ReadUInt64Array">
      <returns>Returns <see cref="T:System.UInt64" />.</returns>
    </member>
    <member name="T:Microsoft.SharePoint.Client.JsonTokenType"></member>
    <member name="F:Microsoft.SharePoint.Client.JsonTokenType.ObjectStart"></member>
    <member name="F:Microsoft.SharePoint.Client.JsonTokenType.ObjectEnd"></member>
    <member name="F:Microsoft.SharePoint.Client.JsonTokenType.ArrayStart"></member>
    <member name="F:Microsoft.SharePoint.Client.JsonTokenType.ArrayEnd"></member>
    <member name="F:Microsoft.SharePoint.Client.JsonTokenType.String"></member>
    <member name="F:Microsoft.SharePoint.Client.JsonTokenType.Long"></member>
    <member name="F:Microsoft.SharePoint.Client.JsonTokenType.ULong"></member>
    <member name="F:Microsoft.SharePoint.Client.JsonTokenType.Double"></member>
    <member name="F:Microsoft.SharePoint.Client.JsonTokenType.Boolean"></member>
    <member name="F:Microsoft.SharePoint.Client.JsonTokenType.DateTime"></member>
    <member name="F:Microsoft.SharePoint.Client.JsonTokenType.Guid"></member>
    <member name="F:Microsoft.SharePoint.Client.JsonTokenType.Null"></member>
    <member name="F:Microsoft.SharePoint.Client.JsonTokenType.Name"></member>
    <member name="F:Microsoft.SharePoint.Client.JsonTokenType.ByteArray"></member>
    <member name="T:Microsoft.SharePoint.Client.ObjectIdentityQuery"></member>
    <member name="M:Microsoft.SharePoint.Client.ObjectIdentityQuery.#ctor(Microsoft.SharePoint.Client.ObjectPath)"></member>
    <member name="T:Microsoft.SharePoint.Client.ObjectPath"></member>
    <member name="M:Microsoft.SharePoint.Client.ObjectPath.SetPendingReplace"></member>
    <member name="T:Microsoft.SharePoint.Client.ObjectPathConstructor"></member>
    <member name="M:Microsoft.SharePoint.Client.ObjectPathConstructor.#ctor(Microsoft.SharePoint.Client.ClientRuntimeContext,System.String,System.Object[])"></member>
    <member name="T:Microsoft.SharePoint.Client.ObjectPathMethod"></member>
    <member name="M:Microsoft.SharePoint.Client.ObjectPathMethod.#ctor(Microsoft.SharePoint.Client.ClientRuntimeContext,Microsoft.SharePoint.Client.ObjectPath,System.String,System.Object[])"></member>
    <member name="T:Microsoft.SharePoint.Client.ObjectPathProperty"></member>
    <member name="M:Microsoft.SharePoint.Client.ObjectPathProperty.#ctor(Microsoft.SharePoint.Client.ClientRuntimeContext,Microsoft.SharePoint.Client.ObjectPath,System.String)"></member>
    <member name="T:Microsoft.SharePoint.Client.ObjectPathStaticMethod"></member>
    <member name="M:Microsoft.SharePoint.Client.ObjectPathStaticMethod.#ctor(Microsoft.SharePoint.Client.ClientRuntimeContext,System.String,System.String,System.Object[])"></member>
    <member name="T:Microsoft.SharePoint.Client.ObjectPathStaticProperty"></member>
    <member name="M:Microsoft.SharePoint.Client.ObjectPathStaticProperty.#ctor(Microsoft.SharePoint.Client.ClientRuntimeContext,System.String,System.String)"></member>
    <member name="T:Microsoft.SharePoint.Client.PropertyOrFieldNotInitializedException"></member>
    <member name="M:Microsoft.SharePoint.Client.PropertyOrFieldNotInitializedException.#ctor"></member>
    <member name="M:Microsoft.SharePoint.Client.PropertyOrFieldNotInitializedException.#ctor(System.Runtime.Serialization.SerializationInfo,System.Runtime.Serialization.StreamingContext)"></member>
    <member name="M:Microsoft.SharePoint.Client.PropertyOrFieldNotInitializedException.#ctor(System.String)"></member>
    <member name="M:Microsoft.SharePoint.Client.PropertyOrFieldNotInitializedException.#ctor(System.String,System.Exception)"></member>
    <member name="T:Microsoft.SharePoint.Client.PseudoRemoteAttribute"></member>
    <member name="M:Microsoft.SharePoint.Client.PseudoRemoteAttribute.#ctor"></member>
    <member name="P:Microsoft.SharePoint.Client.PseudoRemoteAttribute.Name"></member>
    <member name="T:Microsoft.SharePoint.Client.RemoteAttribute"></member>
    <member name="M:Microsoft.SharePoint.Client.RemoteAttribute.#ctor"></member>
    <member name="P:Microsoft.SharePoint.Client.RemoteAttribute.Name"></member>
    <member name="T:Microsoft.SharePoint.Client.Resources"></member>
    <member name="M:Microsoft.SharePoint.Client.Resources.GetString(System.String)"></member>
    <member name="M:Microsoft.SharePoint.Client.Resources.GetString(System.String,System.Object[])"></member>
    <member name="T:Microsoft.SharePoint.Client.ResourceStrings"></member>
    <member name="M:Microsoft.SharePoint.Client.ResourceStrings.#ctor"></member>
    <member name="F:Microsoft.SharePoint.Client.ResourceStrings.AllListContentTypesExcluded"></member>
    <member name="F:Microsoft.SharePoint.Client.ResourceStrings.BackwardAssocMissingDataProvider"></member>
    <member name="F:Microsoft.SharePoint.Client.ResourceStrings.BindingCannotBeNull"></member>
    <member name="F:Microsoft.SharePoint.Client.ResourceStrings.CannotAttachDeletedEntities"></member>
    <member name="F:Microsoft.SharePoint.Client.ResourceStrings.CannotContactSite"></member>
    <member name="F:Microsoft.SharePoint.Client.ResourceStrings.CannotContactSiteWithDetails"></member>
    <member name="F:Microsoft.SharePoint.Client.ResourceStrings.CannotConvertNameToValidIdentifier"></member>
    <member name="F:Microsoft.SharePoint.Client.ResourceStrings.CannotDeleteUntrackedEntity"></member>
    <member name="F:Microsoft.SharePoint.Client.ResourceStrings.CannotDeleteUnupdatableEntity"></member>
    <member name="F:Microsoft.SharePoint.Client.ResourceStrings.CannotDeriveFromListScopedContentType"></member>
    <member name="F:Microsoft.SharePoint.Client.ResourceStrings.CannotExcludeContentType"></member>
    <member name="F:Microsoft.SharePoint.Client.ResourceStrings.CannotExcludeRequiredColumn"></member>
    <member name="F:Microsoft.SharePoint.Client.ResourceStrings.CannotFindBaseContentType"></member>
    <member name="F:Microsoft.SharePoint.Client.ResourceStrings.CannotFindContentType"></member>
    <member name="F:Microsoft.SharePoint.Client.ResourceStrings.CannotFindEntity"></member>
    <member name="F:Microsoft.SharePoint.Client.ResourceStrings.CannotFindIdField"></member>
    <member name="F:Microsoft.SharePoint.Client.ResourceStrings.CannotFindList"></member>
    <member name="F:Microsoft.SharePoint.Client.ResourceStrings.CannotFindListItem"></member>
    <member name="F:Microsoft.SharePoint.Client.ResourceStrings.CannotFindLookupPropMapping"></member>
    <member name="F:Microsoft.SharePoint.Client.ResourceStrings.CannotFindMapInfo"></member>
    <member name="F:Microsoft.SharePoint.Client.ResourceStrings.CannotFindMatchingColumn"></member>
    <member name="F:Microsoft.SharePoint.Client.ResourceStrings.CannotFindMemberMapping"></member>
    <member name="F:Microsoft.SharePoint.Client.ResourceStrings.CannotFindProperty"></member>
    <member name="F:Microsoft.SharePoint.Client.ResourceStrings.CannotFindStorageMember"></member>
    <member name="F:Microsoft.SharePoint.Client.ResourceStrings.CannotFindSuggestedBaseClass"></member>
    <member name="F:Microsoft.SharePoint.Client.ResourceStrings.CannotFindType"></member>
    <member name="F:Microsoft.SharePoint.Client.ResourceStrings.CannotFindTypeNodeRewriter"></member>
    <member name="F:Microsoft.SharePoint.Client.ResourceStrings.CannotFindWeb"></member>
    <member name="F:Microsoft.SharePoint.Client.ResourceStrings.CannotGenerateChildBeforeParent"></member>
    <member name="F:Microsoft.SharePoint.Client.ResourceStrings.CannotIncludeContentType"></member>
    <member name="F:Microsoft.SharePoint.Client.ResourceStrings.CannotInsertDeletedEntities"></member>
    <member name="F:Microsoft.SharePoint.Client.ResourceStrings.CannotInsertExistingEntities"></member>
    <member name="F:Microsoft.SharePoint.Client.ResourceStrings.CannotInsertNulls"></member>
    <member name="F:Microsoft.SharePoint.Client.ResourceStrings.CannotInsertUpdatedEntities"></member>
    <member name="F:Microsoft.SharePoint.Client.ResourceStrings.CannotMapFieldToEnum"></member>
    <member name="F:Microsoft.SharePoint.Client.ResourceStrings.CannotModifyRequiredColumn"></member>
    <member name="F:Microsoft.SharePoint.Client.ResourceStrings.CannotNegateExpression"></member>
    <member name="F:Microsoft.SharePoint.Client.ResourceStrings.CannotProjectLookupFields"></member>
    <member name="F:Microsoft.SharePoint.Client.ResourceStrings.CannotRefreshDeletedEntity"></member>
    <member name="F:Microsoft.SharePoint.Client.ResourceStrings.CannotRefreshNewUnsavedEntity"></member>
    <member name="F:Microsoft.SharePoint.Client.ResourceStrings.CannotRefreshUnupdatableEntity"></member>
    <member name="F:Microsoft.SharePoint.Client.ResourceStrings.CannotRetrieveValue"></member>
    <member name="F:Microsoft.SharePoint.Client.ResourceStrings.CannotSetCredentials"></member>
    <member name="F:Microsoft.SharePoint.Client.ResourceStrings.CannotUpdateDeletedEntity"></member>
    <member name="F:Microsoft.SharePoint.Client.ResourceStrings.CannotUpdateUnupdatableEntity"></member>
    <member name="F:Microsoft.SharePoint.Client.ResourceStrings.ChangeConflict"></member>
    <member name="F:Microsoft.SharePoint.Client.ResourceStrings.CircularTypeHierarchyDetected"></member>
    <member name="F:Microsoft.SharePoint.Client.ResourceStrings.ClientRequestTimedOut"></member>
    <member name="F:Microsoft.SharePoint.Client.ResourceStrings.ContentTypeAttributeListPropertyRequiredOnContentType"></member>
    <member name="F:Microsoft.SharePoint.Client.ResourceStrings.ContentTypeAttributeRequiredOnDerivedType"></member>
    <member name="F:Microsoft.SharePoint.Client.ResourceStrings.ContentTypeAttributeRequiredOnParentType"></member>
    <member name="F:Microsoft.SharePoint.Client.ResourceStrings.DuplicateColumnEntry"></member>
    <member name="F:Microsoft.SharePoint.Client.ResourceStrings.DuplicateContentTypeEntry"></member>
    <member name="F:Microsoft.SharePoint.Client.ResourceStrings.DuplicateExcludeColumnEntry"></member>
    <member name="F:Microsoft.SharePoint.Client.ResourceStrings.DuplicateExcludeContentTypeEntry"></member>
    <member name="F:Microsoft.SharePoint.Client.ResourceStrings.DuplicateExcludeListEntry"></member>
    <member name="F:Microsoft.SharePoint.Client.ResourceStrings.DuplicateListEntry"></member>
    <member name="F:Microsoft.SharePoint.Client.ResourceStrings.EntityIdCannotBeNull"></member>
    <member name="F:Microsoft.SharePoint.Client.ResourceStrings.EntityMustHaveId"></member>
    <member name="F:Microsoft.SharePoint.Client.ResourceStrings.EntityMustHaveVersion"></member>
    <member name="F:Microsoft.SharePoint.Client.ResourceStrings.EntityNotAssociatedWithAnyList"></member>
    <member name="F:Microsoft.SharePoint.Client.ResourceStrings.EntityTypeMismatchListType"></member>
    <member name="F:Microsoft.SharePoint.Client.ResourceStrings.EntityTypeMissingDataBinder"></member>
    <member name="F:Microsoft.SharePoint.Client.ResourceStrings.ETagNotMatch"></member>
    <member name="F:Microsoft.SharePoint.Client.ResourceStrings.FieldRemovedFromContentType"></member>
    <member name="F:Microsoft.SharePoint.Client.ResourceStrings.FileAlreadyExists"></member>
    <member name="F:Microsoft.SharePoint.Client.ResourceStrings.FormsAuthenticationCannotLogin"></member>
    <member name="F:Microsoft.SharePoint.Client.ResourceStrings.IncludeExcludeColumns"></member>
    <member name="F:Microsoft.SharePoint.Client.ResourceStrings.IncludeExcludeContentTypes"></member>
    <member name="F:Microsoft.SharePoint.Client.ResourceStrings.IncludeExcludeLists"></member>
    <member name="F:Microsoft.SharePoint.Client.ResourceStrings.IncompatibleColumnTypes"></member>
    <member name="F:Microsoft.SharePoint.Client.ResourceStrings.IncompatibleExpressionSequenceType"></member>
    <member name="F:Microsoft.SharePoint.Client.ResourceStrings.IncompatibleExpressionType"></member>
    <member name="F:Microsoft.SharePoint.Client.ResourceStrings.IncompatibleResourceType"></member>
    <member name="F:Microsoft.SharePoint.Client.ResourceStrings.InefficientQueriesDisallowed"></member>
    <member name="F:Microsoft.SharePoint.Client.ResourceStrings.InvalidAccessModifier"></member>
    <member name="F:Microsoft.SharePoint.Client.ResourceStrings.InvalidAssignment"></member>
    <member name="F:Microsoft.SharePoint.Client.ResourceStrings.InvalidAssociationPropertyInSetReference"></member>
    <member name="F:Microsoft.SharePoint.Client.ResourceStrings.InvalidAssociationToNonUpdatableEntity"></member>
    <member name="F:Microsoft.SharePoint.Client.ResourceStrings.InvalidAssociationType"></member>
    <member name="F:Microsoft.SharePoint.Client.ResourceStrings.InvalidColumn"></member>
    <member name="F:Microsoft.SharePoint.Client.ResourceStrings.InvalidContentType"></member>
    <member name="F:Microsoft.SharePoint.Client.ResourceStrings.InvalidDerivedContentTypeId"></member>
    <member name="F:Microsoft.SharePoint.Client.ResourceStrings.InvalidExcludeColumn"></member>
    <member name="F:Microsoft.SharePoint.Client.ResourceStrings.InvalidExcludeContentType"></member>
    <member name="F:Microsoft.SharePoint.Client.ResourceStrings.InvalidExcludeList"></member>
    <member name="F:Microsoft.SharePoint.Client.ResourceStrings.InvalidExpressionType"></member>
    <member name="F:Microsoft.SharePoint.Client.ResourceStrings.InvalidFieldValueAssignment"></member>
    <member name="F:Microsoft.SharePoint.Client.ResourceStrings.InvalidLanguage"></member>
    <member name="F:Microsoft.SharePoint.Client.ResourceStrings.InvalidList"></member>
    <member name="F:Microsoft.SharePoint.Client.ResourceStrings.InvalidOperationOnUnupdatableEntity"></member>
    <member name="F:Microsoft.SharePoint.Client.ResourceStrings.InvalidSourceCodeOutput"></member>
    <member name="F:Microsoft.SharePoint.Client.ResourceStrings.InvalidTransferType"></member>
    <member name="F:Microsoft.SharePoint.Client.ResourceStrings.InvalidUsageOfConditionalScope"></member>
    <member name="F:Microsoft.SharePoint.Client.ResourceStrings.InvalidUsageOfConditionalScopeNowAllowedAction"></member>
    <member name="F:Microsoft.SharePoint.Client.ResourceStrings.InvalidUsageOfExceptionHandlingScope"></member>
    <member name="F:Microsoft.SharePoint.Client.ResourceStrings.InvalidWebUrl"></member>
    <member name="F:Microsoft.SharePoint.Client.ResourceStrings.JsonDataTypeNotMatch"></member>
    <member name="F:Microsoft.SharePoint.Client.ResourceStrings.JsonNotWellFormated"></member>
    <member name="F:Microsoft.SharePoint.Client.ResourceStrings.JsonReachTheEndOfStream"></member>
    <member name="F:Microsoft.SharePoint.Client.ResourceStrings.JsonUnknownData"></member>
    <member name="F:Microsoft.SharePoint.Client.ResourceStrings.MemberIsNotPublicPropOrField"></member>
    <member name="F:Microsoft.SharePoint.Client.ResourceStrings.MemberIsReadOnly"></member>
    <member name="F:Microsoft.SharePoint.Client.ResourceStrings.MemberIsWriteOnly"></member>
    <member name="F:Microsoft.SharePoint.Client.ResourceStrings.MemberMustBeFieldOrProperty"></member>
    <member name="F:Microsoft.SharePoint.Client.ResourceStrings.MemberMustBeNodeOrSequenceOfNode"></member>
    <member name="F:Microsoft.SharePoint.Client.ResourceStrings.MethodCallExpressionExpected"></member>
    <member name="F:Microsoft.SharePoint.Client.ResourceStrings.MissedFormsAuthLoginInfo"></member>
    <member name="F:Microsoft.SharePoint.Client.ResourceStrings.ModifiedDeletedColumn"></member>
    <member name="F:Microsoft.SharePoint.Client.ResourceStrings.NewEntityCannotHaveId"></member>
    <member name="F:Microsoft.SharePoint.Client.ResourceStrings.NewEntityNotAdded"></member>
    <member name="F:Microsoft.SharePoint.Client.ResourceStrings.NoDirectHttpRequest"></member>
    <member name="F:Microsoft.SharePoint.Client.ResourceStrings.NoDirectRequest"></member>
    <member name="F:Microsoft.SharePoint.Client.ResourceStrings.NonApplicableProperty"></member>
    <member name="F:Microsoft.SharePoint.Client.ResourceStrings.NoObjectPathAssociatedWithObject"></member>
    <member name="F:Microsoft.SharePoint.Client.ResourceStrings.NotAChoiceField"></member>
    <member name="F:Microsoft.SharePoint.Client.ResourceStrings.NotALookupField"></member>
    <member name="F:Microsoft.SharePoint.Client.ResourceStrings.NotSupportedExpression"></member>
    <member name="F:Microsoft.SharePoint.Client.ResourceStrings.NotSupportedMemberInExpression"></member>
    <member name="F:Microsoft.SharePoint.Client.ResourceStrings.ObjectTrackingEnabledCannotBeChanged"></member>
    <member name="F:Microsoft.SharePoint.Client.ResourceStrings.ObjectTrackingEnabledNeedsToBeSet"></member>
    <member name="F:Microsoft.SharePoint.Client.ResourceStrings.OverwriteVersionNotSupported"></member>
    <member name="F:Microsoft.SharePoint.Client.ResourceStrings.ParameterCountMismatch"></member>
    <member name="F:Microsoft.SharePoint.Client.ResourceStrings.ParameterIndexOutOfRange"></member>
    <member name="F:Microsoft.SharePoint.Client.ResourceStrings.PropertyHasNotBeenInitialized"></member>
    <member name="F:Microsoft.SharePoint.Client.ResourceStrings.RequestHasBeenExecuted"></member>
    <member name="F:Microsoft.SharePoint.Client.ResourceStrings.RequestUnexpectedResponse"></member>
    <member name="F:Microsoft.SharePoint.Client.ResourceStrings.RequestUnknownResponse"></member>
    <member name="F:Microsoft.SharePoint.Client.ResourceStrings.ResolveConflictsBeforeSubmit"></member>
    <member name="F:Microsoft.SharePoint.Client.ResourceStrings.RuleMissing"></member>
    <member name="F:Microsoft.SharePoint.Client.ResourceStrings.SemiEfficientQueriesDisallowed"></member>
    <member name="F:Microsoft.SharePoint.Client.ResourceStrings.ServerNotInFormsAuthenticationMode"></member>
    <member name="F:Microsoft.SharePoint.Client.ResourceStrings.TypeAlreadyAssociatedWithList"></member>
    <member name="F:Microsoft.SharePoint.Client.ResourceStrings.UnexpectedSPDataAttribute"></member>
    <member name="F:Microsoft.SharePoint.Client.ResourceStrings.UnhandledExpression"></member>
    <member name="F:Microsoft.SharePoint.Client.ResourceStrings.UnknownResponseData"></member>
    <member name="F:Microsoft.SharePoint.Client.ResourceStrings.UnsupportedClauseType"></member>
    <member name="F:Microsoft.SharePoint.Client.ResourceStrings.UnsupportedType"></member>
    <member name="F:Microsoft.SharePoint.Client.ResourceStrings.ValuesOutOfSyncWithDB"></member>
    <member name="T:Microsoft.SharePoint.Client.SchemaVersions"></member>
    <member name="F:Microsoft.SharePoint.Client.SchemaVersions.CurrentVersion"></member>
    <member name="F:Microsoft.SharePoint.Client.SchemaVersions.Version14"></member>
    <member name="T:Microsoft.SharePoint.Client.ScriptTypeAttribute"></member>
    <member name="M:Microsoft.SharePoint.Client.ScriptTypeAttribute.#ctor(System.String)"></member>
    <member name="P:Microsoft.SharePoint.Client.ScriptTypeAttribute.ScriptType"></member>
    <member name="P:Microsoft.SharePoint.Client.ScriptTypeAttribute.TypeAlias"></member>
    <member name="P:Microsoft.SharePoint.Client.ScriptTypeAttribute.ValueObject"></member>
    <member name="T:Microsoft.SharePoint.Client.SerializationContext"></member>
    <member name="M:Microsoft.SharePoint.Client.SerializationContext.AddClientObject(Microsoft.SharePoint.Client.ClientObject)"></member>
    <member name="M:Microsoft.SharePoint.Client.SerializationContext.AddObjectPath(Microsoft.SharePoint.Client.ObjectPath)"></member>
    <member name="T:Microsoft.SharePoint.Client.ServerException"></member>
    <member name="P:Microsoft.SharePoint.Client.ServerException.ServerErrorCode"></member>
    <member name="P:Microsoft.SharePoint.Client.ServerException.ServerErrorTypeName"></member>
    <member name="P:Microsoft.SharePoint.Client.ServerException.ServerErrorValue"></member>
    <member name="P:Microsoft.SharePoint.Client.ServerException.ServerStackTrace"></member>
    <member name="M:Microsoft.SharePoint.Client.ServerException.ToString"></member>
    <member name="T:Microsoft.SharePoint.Client.ServerInfo"></member>
    <member name="M:Microsoft.SharePoint.Client.ServerInfo.#ctor(System.Uri)"></member>
    <member name="P:Microsoft.SharePoint.Client.ServerInfo.AuthenticationMode"></member>
    <member name="T:Microsoft.SharePoint.Client.ServerUnauthorizedAccessException"></member>
    <member name="T:Microsoft.SharePoint.Client.WebRequestExecutor"></member>
    <member name="M:Microsoft.SharePoint.Client.WebRequestExecutor.#ctor"></member>
    <member name="M:Microsoft.SharePoint.Client.WebRequestExecutor.Dispose"></member>
    <member name="M:Microsoft.SharePoint.Client.WebRequestExecutor.Execute"></member>
    <member name="M:Microsoft.SharePoint.Client.WebRequestExecutor.GetRequestStream"></member>
    <member name="M:Microsoft.SharePoint.Client.WebRequestExecutor.GetResponseStream"></member>
    <member name="P:Microsoft.SharePoint.Client.WebRequestExecutor.RequestContentType"></member>
    <member name="P:Microsoft.SharePoint.Client.WebRequestExecutor.RequestHeaders"></member>
    <member name="P:Microsoft.SharePoint.Client.WebRequestExecutor.ResponseContentType"></member>
    <member name="P:Microsoft.SharePoint.Client.WebRequestExecutor.ResponseHeaders"></member>
    <member name="P:Microsoft.SharePoint.Client.WebRequestExecutor.StatusCode"></member>
    <member name="P:Microsoft.SharePoint.Client.WebRequestExecutor.WebRequest"></member>
    <member name="T:Microsoft.SharePoint.Client.WebRequestExecutorFactory"></member>
    <member name="M:Microsoft.SharePoint.Client.WebRequestExecutorFactory.#ctor"></member>
    <member name="M:Microsoft.SharePoint.Client.WebRequestExecutorFactory.CreateWebRequestExecutor(Microsoft.SharePoint.Client.ClientRuntimeContext,System.String)"></member>
    <member name="T:Microsoft.SharePoint.Client.Application.Authentication"></member>
    <member name="M:Microsoft.SharePoint.Client.Application.Authentication.#ctor(System.Uri)"></member>
    <member name="M:Microsoft.SharePoint.Client.Application.Authentication.BeginLogin(System.String,System.String,System.AsyncCallback,System.Object)"></member>
    <member name="M:Microsoft.SharePoint.Client.Application.Authentication.BeginMode(System.AsyncCallback,System.Object)"></member>
    <member name="M:Microsoft.SharePoint.Client.Application.Authentication.CancelAsync(System.Object)"></member>
    <member name="M:Microsoft.SharePoint.Client.Application.Authentication.EndLogin(System.IAsyncResult)"></member>
    <member name="M:Microsoft.SharePoint.Client.Application.Authentication.EndMode(System.IAsyncResult)"></member>
    <member name="M:Microsoft.SharePoint.Client.Application.Authentication.GetWebRequest(System.Uri)"></member>
    <member name="M:Microsoft.SharePoint.Client.Application.Authentication.Login(System.String,System.String)"></member>
    <member name="M:Microsoft.SharePoint.Client.Application.Authentication.LoginAsync(System.String,System.String)"></member>
    <member name="M:Microsoft.SharePoint.Client.Application.Authentication.LoginAsync(System.String,System.String,System.Object)"></member>
    <member name="E:Microsoft.SharePoint.Client.Application.Authentication.LoginCompleted"></member>
    <member name="M:Microsoft.SharePoint.Client.Application.Authentication.Mode"></member>
    <member name="M:Microsoft.SharePoint.Client.Application.Authentication.ModeAsync"></member>
    <member name="M:Microsoft.SharePoint.Client.Application.Authentication.ModeAsync(System.Object)"></member>
    <member name="E:Microsoft.SharePoint.Client.Application.Authentication.ModeCompleted"></member>
    <member name="T:Microsoft.SharePoint.Client.Application.AuthenticationMode"></member>
    <member name="F:Microsoft.SharePoint.Client.Application.AuthenticationMode.None"></member>
    <member name="F:Microsoft.SharePoint.Client.Application.AuthenticationMode.Windows"></member>
    <member name="F:Microsoft.SharePoint.Client.Application.AuthenticationMode.Passport"></member>
    <member name="F:Microsoft.SharePoint.Client.Application.AuthenticationMode.Forms"></member>
    <member name="T:Microsoft.SharePoint.Client.Application.LoginCompletedEventArgs"></member>
    <member name="P:Microsoft.SharePoint.Client.Application.LoginCompletedEventArgs.Result"></member>
    <member name="T:Microsoft.SharePoint.Client.Application.LoginCompletedEventHandler"></member>
    <member name="T:Microsoft.SharePoint.Client.Application.LoginErrorCode"></member>
    <member name="F:Microsoft.SharePoint.Client.Application.LoginErrorCode.NoError"></member>
    <member name="F:Microsoft.SharePoint.Client.Application.LoginErrorCode.NotInFormsAuthenticationMode"></member>
    <member name="F:Microsoft.SharePoint.Client.Application.LoginErrorCode.PasswordNotMatch"></member>
    <member name="T:Microsoft.SharePoint.Client.Application.LoginResult"></member>
    <member name="M:Microsoft.SharePoint.Client.Application.LoginResult.#ctor"></member>
    <member name="P:Microsoft.SharePoint.Client.Application.LoginResult.CookieName"></member>
    <member name="P:Microsoft.SharePoint.Client.Application.LoginResult.ErrorCode"></member>
    <member name="P:Microsoft.SharePoint.Client.Application.LoginResult.TimeoutSeconds"></member>
    <member name="T:Microsoft.SharePoint.Client.Application.ModeCompletedEventArgs"></member>
    <member name="P:Microsoft.SharePoint.Client.Application.ModeCompletedEventArgs.Result"></member>
    <member name="T:Microsoft.SharePoint.Client.Application.ModeCompletedEventHandler"></member>
  </members>
</doc>